q,I
2.884988900000000096e-03,9.973148657842044740e-01
4.079990399999999622e-03,9.973029900348282517e-01
4.561568000000000220e-03,9.972970522271055183e-01
5.769977800000000191e-03,9.972792390717899469e-01
6.285508449999999483e-03,9.972703326503775667e-01
7.355307299999999833e-03,9.972495513724209948e-01
8.285548250000000087e-03,9.972287706524574080e-01
8.654966599999999385e-03,9.972198647890386791e-01
9.123135799999999504e-03,9.972079904681497853e-01
1.030097555000000081e-02,9.971753370119091908e-01
1.098571020000000016e-02,9.971545582336243108e-01
1.171753449999999967e-02,9.971308117566282103e-01
1.232438854999999903e-02,9.971100341387835186e-01
1.290206219999999980e-02,9.970892570788159048e-01
1.306234239999999949e-02,9.970833208779772416e-01
1.368470339999999959e-02,9.970595765209010475e-01
1.435245494999999941e-02,9.970328649782564945e-01
1.478100140000000035e-02,9.970150577814740345e-01
1.573450560000000040e-02,9.969735092620830574e-01
1.638346360000000196e-02,9.969438330103757018e-01
1.682223050000000025e-02,9.969230603235489374e-01
1.736982905000000049e-02,9.968963533992092341e-01
1.754870130000000042e-02,9.968874512844313474e-01
1.830311319999999853e-02,9.968488766434556725e-01
1.864038315000000195e-02,9.968310736407788308e-01
1.929918365000000274e-02,9.967954687060918140e-01
2.022883069999999867e-02,9.967430533473121690e-01
2.065282264999999950e-02,9.967183303313088549e-01
2.115060380000000073e-02,9.966886637156923134e-01
2.168544450000000137e-02,9.966560316762205218e-01
2.215909446666666782e-02,9.966263675062109195e-01
2.267015929999999929e-02,9.965937380386045152e-01
2.316971500000000045e-02,9.965611099460316424e-01
2.383387699999999984e-02,9.965166192877303875e-01
2.468260116000000129e-02,9.964578955525110748e-01
2.523334379999999863e-02,9.964187486993605347e-01
2.568259234999999835e-02,9.963861279193327869e-01
2.604478905000000288e-02,9.963594391244113835e-01
2.665005226666666838e-02,9.963139714943697323e-01
2.729316494999999704e-02,9.962645530412959083e-01
2.759612715000000008e-02,9.962408333703831609e-01
2.837717740000000183e-02,9.961785723681493288e-01
2.868083466666666512e-02,9.961538670750198499e-01
2.920775976666666399e-02,9.961103876041281779e-01
2.970277299999999829e-02,9.960688865085626231e-01
3.022343275000000107e-02,9.960244236653708061e-01
3.071283043333333448e-02,9.959819392566252594e-01
3.113912113333333273e-02,9.959443967380487983e-01
3.175661433333332867e-02,9.958890742711893340e-01
3.209305889999999883e-02,9.958584510965091674e-01
3.274581533333333766e-02,9.957981957829883379e-01
3.308291580000000121e-02,9.957665883433231002e-01
3.362359219999999649e-02,9.957152289206926410e-01
3.407441040000000476e-02,9.956717735514035716e-01
3.472476722500000140e-02,9.956080762259892358e-01
3.507741573333333224e-02,9.955730202712378407e-01
3.565615340000000133e-02,9.955147615462628385e-01
3.618701930000000483e-02,9.954604565838039987e-01
3.666298729999999811e-02,9.954110916685312560e-01
3.708614080000000035e-02,9.953666658875905959e-01
3.752326933333333114e-02,9.953202681595042511e-01
3.812811793333333726e-02,9.952551188086266043e-01
3.869253862500000168e-02,9.951934291040038794e-01
3.913371133333332780e-02,9.951445743265220356e-01
3.950418340000000361e-02,9.951031241581900222e-01
4.016591469999999942e-02,9.950281246062832041e-01
4.063598254000000409e-02,9.949740506774945592e-01
4.115513784999999536e-02,9.949136655612850211e-01
4.173253585000000210e-02,9.948455899795618507e-01
4.203080915000000084e-02,9.948100744894019520e-01
4.262858309999999901e-02,9.947380623900140550e-01
4.310591895000000229e-02,9.946798654352055902e-01
4.360982382499999782e-02,9.946177276917904653e-01
4.403735780000000294e-02,9.945644704916665191e-01
4.469392276666667163e-02,9.944816334314688921e-01
4.506469168000000469e-02,9.944343019914801962e-01
4.572941405000000015e-02,9.943485206592959091e-01
4.614467910000000228e-02,9.942942959215489429e-01
4.656371990000000155e-02,9.942390890831904748e-01
4.707457422499999877e-02,9.941710720496488296e-01
4.764145226000000150e-02,9.940947812967761976e-01
4.808067559999999740e-02,9.940350548742318271e-01
4.850425323333332900e-02,9.939769100030115823e-01
4.912935154999999859e-02,9.938901933087898044e-01
4.962448307500000322e-02,9.938207282773877660e-01
5.009414460000000124e-02,9.937542247140536134e-01
5.050777084999999444e-02,9.936951153905397849e-01
5.108134475000000035e-02,9.936123696305806385e-01
5.152740017500000158e-02,9.935473613902358059e-01
5.212156653999999723e-02,9.934599041782427031e-01
5.254707845000000654e-02,9.933966808425397366e-01
5.303975537999999768e-02,9.933228283781868617e-01
5.353434106666666442e-02,9.932479983424745695e-01
5.405762102000000180e-02,9.931680564622903384e-01
5.466245243333333476e-02,9.930747351828825842e-01
5.504946097999999927e-02,9.930144955499449200e-01
5.557799177500000187e-02,9.929315262053497460e-01
5.613989573333333372e-02,9.928424643996449639e-01
5.659822337499999939e-02,9.927691559852434011e-01
5.705398048000000222e-02,9.926956578329558800e-01
5.762141356666666825e-02,9.926033762360398915e-01
5.802338053333333523e-02,9.925374673283106075e-01
5.848753570000000263e-02,9.924607451782392342e-01
5.907506138000000184e-02,9.923627875087992489e-01
5.954533500000000479e-02,9.922837216536417593e-01
6.013645010000000235e-02,9.921834261222325368e-01
6.055029904999999907e-02,9.921126368365327242e-01
6.110605647500000348e-02,9.920167869626631552e-01
6.152512752000000029e-02,9.919439487628325391e-01
6.211761073999999549e-02,9.918401582618274759e-01
6.247840029999999351e-02,9.917764754176833231e-01
6.306825524000000960e-02,9.916715286244766059e-01
6.353502171666666754e-02,9.915878167414180488e-01
6.395951257499998821e-02,9.915111865091804644e-01
6.446183399999999564e-02,9.914198298630048090e-01
6.498145619999999567e-02,9.913245556917219536e-01
6.545149545999999485e-02,9.912377383629815686e-01
6.596451752000000168e-02,9.911422895039606606e-01
6.650490795999999816e-02,9.910409613483066593e-01
6.694773836666666200e-02,9.909573166222099827e-01
6.744319540000000279e-02,9.908630797969849580e-01
6.798400006000000773e-02,9.907594324514337192e-01
6.848419782500000941e-02,9.906628639371327649e-01
6.902876070000001085e-02,9.905568886612838853e-01
6.944952677142857134e-02,9.904744727805294691e-01
7.003421573999998873e-02,9.903591055688080180e-01
7.053168827999999058e-02,9.902602323035780696e-01
7.104901144000000390e-02,9.901566645233579322e-01
7.153687818571428936e-02,9.900583212716875803e-01
7.206681445000000241e-02,9.899507462572313399e-01
7.243399207499999493e-02,9.898757467673329202e-01
7.301811823333333173e-02,9.897556644627528710e-01
7.357648018333333428e-02,9.896400104267418785e-01
7.401538356000000873e-02,9.895484796947430217e-01
7.447115103333333541e-02,9.894528449039047269e-01
7.497710883333333354e-02,9.893460524830789415e-01
7.554386116666667039e-02,9.892255616073534208e-01
7.600153078000000673e-02,9.891276151656580584e-01
7.655265774000000190e-02,9.890089200447068629e-01
7.697183523333332722e-02,9.889180507770384265e-01
7.755722843999998672e-02,9.887903806463329559e-01
7.799679303333333091e-02,9.886938593558101118e-01
7.851973527500000216e-02,9.885783620963696228e-01
7.889633144999999570e-02,9.884946869179834783e-01
7.949857046666665428e-02,9.883601385974682962e-01
8.002894676000001095e-02,9.882407778298789580e-01
8.045252626666667128e-02,9.881449106824504725e-01
8.087607095000000357e-02,9.880485660361066902e-01
8.147757382222221845e-02,9.879108363478845689e-01
8.201083051666666068e-02,9.877879581500813577e-01
8.248300990000000110e-02,9.876784606358749441e-01
8.298190783333332654e-02,9.875621354590430334e-01
8.339447334999999795e-02,9.874653751482355135e-01
8.391630865714286291e-02,9.873423809421132402e-01
8.444176424000000847e-02,9.872177595813858009e-01
8.500093429999999728e-02,9.870843105559843345e-01
8.543627811666666683e-02,9.869797953077844577e-01
8.590475662857142980e-02,9.868667828364706684e-01
8.652138008333333519e-02,9.867171017424219981e-01
8.690448355999999541e-02,9.866235694418005187e-01
8.744030264999999580e-02,9.864920769383180854e-01
8.790910044999999950e-02,9.863764161596209057e-01
8.842492469999999050e-02,9.862484360481830192e-01
8.899714217500000191e-02,9.861056327603152649e-01
8.945766750000000433e-02,9.859900300138481066e-01
8.992737498750000280e-02,9.858715186045784451e-01
9.045998408333333352e-02,9.857364461413150591e-01
9.103935266000000304e-02,9.855886250006683502e-01
9.145429633999999086e-02,9.854821651820282469e-01
9.191598227142858124e-02,9.853631872362867972e-01
9.239822100000000260e-02,9.852382965012180804e-01
9.294083534999998675e-02,9.850970009153677820e-01
9.342092706666665913e-02,9.849713180762088571e-01
9.393450817142856568e-02,9.848361927309293717e-01
9.442995397142857350e-02,9.847051265077132465e-01
9.495052966000000483e-02,9.845667363924505144e-01
9.540896083750000090e-02,9.844442065667828867e-01
9.596937777142856840e-02,9.842937026063637296e-01
9.635578262499999713e-02,9.841894207716641585e-01
9.681740548571428351e-02,9.840643012414084234e-01
9.738674568333333115e-02,9.839091812442187779e-01
9.796407785999999840e-02,9.837510066454244750e-01
9.846198604000000465e-02,9.836138700763250586e-01
9.883600804999999323e-02,9.835104018720856045e-01
9.943503613750000192e-02,9.833438994842575998e-01
9.987910794285714822e-02,9.832198527758427842e-01
1.003507516666666682e-01,9.830875299554585611e-01
1.008328907571428568e-01,9.829516212605878822e-01
1.013592157714285763e-01,9.828025511917729551e-01
1.019245887333333350e-01,9.826415769642670162e-01
1.023891999285714283e-01,9.825086590925286023e-01
1.028964610166666627e-01,9.823628644812910649e-01
1.033169031499999863e-01,9.822415051308114320e-01
1.039193566625000037e-01,9.820667808739037552e-01
1.043566777111111094e-01,9.819393222538734811e-01
1.048529242499999931e-01,9.817940954909188944e-01
1.053392902999999992e-01,9.816510956047173053e-01
1.058961564888888929e-01,9.814865908394776461e-01
1.063829936166666573e-01,9.813420957621635798e-01
1.069173798555555499e-01,9.811827618626840497e-01
1.073516943750000008e-01,9.810527011390014485e-01
1.078248114285714349e-01,9.809104330408419115e-01
1.083481149300000029e-01,9.807523697529841877e-01
1.088482123750000030e-01,9.806006485361387082e-01
1.093440831599999941e-01,9.804495385858105205e-01
1.098188349428571436e-01,9.803042674476297735e-01
1.103457242499999991e-01,9.801423228631936935e-01
1.109069681000000029e-01,9.799690038833196448e-01
1.113697039857142884e-01,9.798254819519868208e-01
1.117794145399999967e-01,9.796979116187506387e-01
1.123642855299999965e-01,9.795150520020549090e-01
1.127912453399999987e-01,9.793809826112502837e-01
1.133042808249999922e-01,9.792192311810413718e-01
1.138196274999999924e-01,9.790560624880502161e-01
1.143121689222222348e-01,9.788994529402064160e-01
1.148983550142857052e-01,9.787122260323067868e-01
1.153891001777777592e-01,9.785547666100296027e-01
1.158759844624999980e-01,9.783979361142542963e-01
1.163284896500000054e-01,9.782516011253566957e-01
1.168460904749999973e-01,9.780835664798485096e-01
1.173607161857142950e-01,9.779157761221244360e-01
1.178132306428571335e-01,9.777676701966446782e-01
1.183369041750000072e-01,9.775956047131857396e-01
1.187734724750000026e-01,9.774515920638023880e-01
1.193573049571428485e-01,9.772582049745484056e-01
1.198626454000000091e-01,9.770901104891214217e-01
1.203263575000000085e-01,9.769352490723838267e-01
1.207931692999999890e-01,9.767788190740069876e-01
1.212892201200000131e-01,9.766119309212634159e-01
1.218173954857142832e-01,9.764335164987161253e-01
1.223184605999999980e-01,9.762636054488070814e-01
1.227539776299999968e-01,9.761153625485823326e-01
1.233234570285714204e-01,9.759208015262582636e-01
1.237820252000000065e-01,9.757635051285789007e-01
1.242505328636363537e-01,9.756022070185076389e-01
1.247564856750000006e-01,9.754273988127157846e-01
1.252415993428571406e-01,9.752591528451173275e-01
1.257881496222222339e-01,9.750688662264970219e-01
1.263098287285714105e-01,9.748865030461058012e-01
1.268077623999999959e-01,9.747117822677919818e-01
1.272582271749999883e-01,9.745531663844145820e-01
1.277350299142857026e-01,9.743846985357162982e-01
1.282306101000000031e-01,9.742089398105191478e-01
1.287116724000000045e-01,9.740377475852073363e-01
1.291766568428571460e-01,9.738716973987990855e-01
1.297437749090909198e-01,9.736684031614107893e-01
1.302536910000000048e-01,9.734849077611624768e-01
1.307371914454545370e-01,9.733102807452890248e-01
1.312725899555555464e-01,9.731162210887244202e-01
1.317226760888888792e-01,9.729524983074789857e-01
1.322848924571428664e-01,9.727472541457391486e-01
1.327663808000000001e-01,9.725708264862381602e-01
1.332617344111111102e-01,9.723886884167528555e-01
1.336952754999999882e-01,9.722287702520414632e-01
1.342470013222222258e-01,9.720245405628884505e-01
1.347225087599999982e-01,9.718478953602349701e-01
1.352327303099999933e-01,9.716576935117714475e-01
1.357829801888889021e-01,9.714518368072391219e-01
1.362521140000000075e-01,9.712757058573975311e-01
1.367263987333333375e-01,9.710970636035671788e-01
1.371880764750000037e-01,9.709226088455613635e-01
1.377069878444444617e-01,9.707258762592027024e-01
1.381754855000000004e-01,9.705476794126122186e-01
1.387028438076922943e-01,9.703463865991656112e-01
1.392579480499999967e-01,9.701337502890305942e-01
1.397319634111111042e-01,9.699515513768665054e-01
1.401942704874999945e-01,9.697732964539643730e-01
1.407307545090908940e-01,9.695657526324449327e-01
1.412539718545454681e-01,9.693626267657893258e-01
1.417036917625000003e-01,9.691874740087977891e-01
1.422211709714285566e-01,9.689853113145497909e-01
1.427035173363636333e-01,9.687962407204987469e-01
1.432241205111111082e-01,9.685915253910509781e-01
1.436399840333333344e-01,9.684274925885036911e-01
1.442097389800000018e-01,9.682020371519129975e-01
1.447031474888889058e-01,9.680061282655546551e-01
1.451992115666666527e-01,9.678085534304220472e-01
1.456999100555555482e-01,9.676084901205252997e-01
1.461296652499999849e-01,9.674362561039157038e-01
1.467282379000000025e-01,9.671955898102491123e-01
1.471631139833333435e-01,9.670201943517248155e-01
1.476982505400000201e-01,9.668036845126396495e-01
1.481733359333333444e-01,9.666108602466212396e-01
1.487230794700000192e-01,9.663870171967999800e-01
1.491809665666666840e-01,9.662000023855839004e-01
1.497045095375000023e-01,9.659855445505703964e-01
1.501392154099999987e-01,9.658069133370021930e-01
1.506230262555555699e-01,9.656075631186813446e-01
1.511579002545454520e-01,9.653864883341707337e-01
1.516601261099999876e-01,9.651782529662810139e-01
1.522200950555555599e-01,9.649453354733488197e-01
1.526668899624999964e-01,9.647589117498535094e-01
1.531788528083333489e-01,9.645447014652658302e-01
1.536501677100000074e-01,9.643469132547812794e-01
1.541773998363636378e-01,9.641249965175705539e-01
1.546271638875000021e-01,9.639351381741918523e-01
1.551514187699999936e-01,9.637131987865649174e-01
1.556829355899999878e-01,9.634874866722211717e-01
1.561900072000000084e-01,9.632715020594885269e-01
1.566973799374999921e-01,9.630547283076407172e-01
1.571509257727272679e-01,9.628604241930152075e-01
1.576327345799999891e-01,9.626534453564878913e-01
1.580728302571428601e-01,9.624638915950047835e-01
1.586793735727272670e-01,9.622018389286314255e-01
1.591480826499999945e-01,9.619987258154870657e-01
1.596322017333333398e-01,9.617883621661084126e-01
1.601379823999999896e-01,9.615679465125062109e-01
1.606581743600000167e-01,9.613406022458814704e-01
1.611327803100000011e-01,9.611325939354919967e-01
1.616087239090908956e-01,9.609234563053969946e-01
1.620782327571428649e-01,9.607165843869751587e-01
1.625864948833333490e-01,9.604920166242929547e-01
1.631603183615384645e-01,9.602377291735889608e-01
1.636326412999999924e-01,9.600278102799855162e-01
1.641292299500000107e-01,9.598065305315257589e-01
1.646306905000000098e-01,9.595824388894751422e-01
1.652191021909091007e-01,9.593187321327337758e-01
1.656567050000000152e-01,9.591220420623273180e-01
1.661176662999999942e-01,9.589143575125730345e-01
1.665704726499999955e-01,9.587098371590790924e-01
1.671519856166666651e-01,9.584464520983259073e-01
1.675879275500000154e-01,9.582484561392499156e-01
1.680479390999999878e-01,9.580390346749172448e-01
1.686288642090909284e-01,9.577738146462273505e-01
1.691250673545454386e-01,9.575466296179946379e-01
1.696621878833333152e-01,9.573000342234775362e-01
1.701371186111111100e-01,9.570814169444799013e-01
1.706110061249999921e-01,9.568627091241928007e-01
1.710580498428571350e-01,9.566559106205639873e-01
1.715703562133333304e-01,9.564183144625106880e-01
1.720884743374999915e-01,9.561773988040633832e-01
1.725874681416666723e-01,9.559447253748576401e-01
1.731185533999999859e-01,9.556964591714505186e-01
1.735598199230769523e-01,9.554896479226121508e-01
1.741371671899999973e-01,9.552183554986555247e-01
1.745405942749999884e-01,9.550283214763333195e-01
1.750497247545454715e-01,9.547879116146597012e-01
1.755477661923076915e-01,9.545521529210044820e-01
1.760903381230769227e-01,9.542946319708887071e-01
1.765532056300000152e-01,9.540743829828720601e-01
1.770380893800000133e-01,9.538431027447421551e-01
1.775666308076923050e-01,9.535903561663842121e-01
1.780648123333333499e-01,9.533515240107942601e-01
1.785665435444444560e-01,9.531103734045542897e-01
1.790200950083333520e-01,9.528918760837354895e-01
1.795690463615384758e-01,9.526267666865533279e-01
1.800390584818181705e-01,9.523992047560646546e-01
1.805627910076923193e-01,9.521450041574202050e-01
1.810646895799999934e-01,9.519007933454293191e-01
1.816185996272727254e-01,9.516305955372054148e-01
1.820586149363636330e-01,9.514154242961567753e-01
1.825556197363636390e-01,9.511718402960223084e-01
1.830862721700000084e-01,9.509111065040384281e-01
1.835520312733333326e-01,9.506817257865686210e-01
1.840521432555555503e-01,9.504348467684793356e-01
1.845330001300000133e-01,9.501969228057844941e-01
1.850568994461538608e-01,9.499370656801595647e-01
1.855830544090909251e-01,9.496754574151154982e-01
1.860475265785714316e-01,9.494439605443579788e-01
1.865285566818181695e-01,9.492036942876662664e-01
1.870351125555555494e-01,9.489500697905519644e-01
1.875560138000000043e-01,9.486886464102085581e-01
1.879975504999999991e-01,9.484665599449945139e-01
1.884856247699999987e-01,9.482205401517959098e-01
1.890186799714285715e-01,9.479511950176231494e-01
1.895623478909090887e-01,9.476758017198654294e-01
1.900208925285714334e-01,9.474430039256497293e-01
1.905328671769230542e-01,9.471824959165324742e-01
1.909928858272727237e-01,9.469479047115302306e-01
1.915233866099999849e-01,9.466767563183278167e-01
1.919585473642857198e-01,9.464538546343700398e-01
1.924489500700000133e-01,9.462021281231184355e-01
1.929774522749999888e-01,9.459302151056371288e-01
1.934781975083333105e-01,9.456720009437428187e-01
1.939588381500000069e-01,9.454235913689604809e-01
1.945203323166666554e-01,9.451327273329998002e-01
1.950034233272727180e-01,9.448818914150244330e-01
1.954522835416666604e-01,9.446483588778900042e-01
1.960063036866666608e-01,9.443594599564161252e-01
1.964936552749999843e-01,9.441047448156765221e-01
1.970289763272727035e-01,9.438243368636175523e-01
1.974950133909090799e-01,9.435796850667895752e-01
1.980045765400000046e-01,9.433116019363034788e-01
1.984866834083333365e-01,9.430574278518769615e-01
1.990189964076923279e-01,9.427761691710163650e-01
1.994466975799999986e-01,9.425497087071044167e-01
1.999648698466666707e-01,9.422747923106487011e-01
2.004884313333333556e-01,9.419963875951128385e-01
2.009388277181818339e-01,9.417563941519933035e-01
2.014650692999999937e-01,9.414754047935969261e-01
2.019615986076923053e-01,9.412097073746639175e-01
2.024816703266666684e-01,9.409307903625483416e-01
2.029617117999999998e-01,9.406728296479034412e-01
2.034451780916666508e-01,9.404124810982960048e-01
2.039457676692307542e-01,9.401423596942743988e-01
2.044676673857142857e-01,9.398601423032947322e-01
2.049469952399999850e-01,9.396004045821418904e-01
2.054256271500000119e-01,9.393405226759586890e-01
2.059434779769230839e-01,9.390587626559663281e-01
2.064316976499999956e-01,9.387925828636518588e-01
2.069937407545454633e-01,9.384854862521507801e-01
2.074030315666666735e-01,9.382614074823558692e-01
2.079154977062500076e-01,9.379803118334687495e-01
2.083964240307692173e-01,9.377159931517184965e-01
2.089196989266666749e-01,9.374277963771907585e-01
2.094213803833333276e-01,9.371509269408212495e-01
2.099481976923076865e-01,9.368595855114845161e-01
2.104349136636363693e-01,9.365898692574993190e-01
2.109164380153846219e-01,9.363225131614599794e-01
2.114627870900000206e-01,9.360185417494045756e-01
2.118986375999999949e-01,9.357755667133496047e-01
2.123899375399999900e-01,9.355011909962007710e-01
2.129171532538461364e-01,9.352061608168180662e-01
2.134794609384615405e-01,9.348908187755514687e-01
2.139056255599999790e-01,9.346513517125408788e-01
2.143998327133333215e-01,9.343731510234886128e-01
2.149148805076923074e-01,9.340826623820961405e-01
2.154293125933333386e-01,9.337919263673828407e-01
2.159097581200000171e-01,9.335198748550072034e-01
2.163883355214285820e-01,9.332483894722835016e-01
2.168868055615384705e-01,9.329650717170208107e-01
2.173737395857142929e-01,9.326877962010777789e-01
2.179227508142857206e-01,9.323745482901666382e-01
2.183744499857142862e-01,9.321163350118195634e-01
2.188833834230769215e-01,9.318248592402557096e-01
2.193781751899999966e-01,9.315409598015161885e-01
2.198909946533333382e-01,9.312461426654652374e-01
2.204020231500000149e-01,9.309518033155055328e-01
2.208415091600000046e-01,9.306982090093057769e-01
2.213551502545454686e-01,9.304012905169914971e-01
2.218309889500000021e-01,9.301257277362016129e-01
2.224008044312499877e-01,9.297950836578285916e-01
2.228753348846153615e-01,9.295192115443404735e-01
2.233889108999999873e-01,9.292200805504721162e-01
2.239011924200000059e-01,9.289211521328224475e-01
2.243882360399999942e-01,9.286364252511939421e-01
2.248766728199999843e-01,9.283503645401732784e-01
2.253357219923076971e-01,9.280810658098919141e-01
2.258354575857142721e-01,9.277873734904729108e-01
2.263810086857142856e-01,9.274661473613660112e-01
2.268963947466666464e-01,9.271621047006527450e-01
2.273782488733333274e-01,9.268773376308648837e-01
2.278545240538461525e-01,9.265953746141186720e-01
2.283917126266666875e-01,9.262767709265999905e-01
2.288756802615384556e-01,9.259892158419936736e-01
2.293357156833333299e-01,9.257154223209389521e-01
2.298698115249999951e-01,9.253969844428555636e-01
2.303742738307692217e-01,9.250956624394551797e-01
2.308694048888889072e-01,9.247993921905582893e-01
2.313284117909090998e-01,9.245242847019720100e-01
2.318318421999999990e-01,9.242220257548108275e-01
2.323376176923077074e-01,9.239178423172911270e-01
2.328153357999999951e-01,9.236300317172594365e-01
2.333610952307692277e-01,9.233006418277269756e-01
2.338071787615384478e-01,9.230309595451878790e-01
2.343391430714285850e-01,9.227088006530413944e-01
2.348098993285714364e-01,9.224232276307512413e-01
2.353243114499999900e-01,9.221106394303785203e-01
2.358031589899999836e-01,9.218191682695074940e-01
2.363269084294117861e-01,9.214998155800536717e-01
2.367899535800000177e-01,9.212170159232775379e-01
2.373475646230769343e-01,9.208758627557359633e-01
2.377927617499999979e-01,9.206030206526359949e-01
2.383148258312499934e-01,9.202825594449451918e-01
2.388270516058823290e-01,9.199675888088227893e-01
2.393344790999999971e-01,9.196550364211493189e-01
2.398558961928571598e-01,9.193333139967779788e-01
2.403147015416666754e-01,9.190497652770078796e-01
2.408057248941176398e-01,9.187458302138705735e-01
2.413044607133333352e-01,9.184366147672474723e-01
2.417534281333333368e-01,9.181578219824414466e-01
2.422875996384615538e-01,9.178255804861615852e-01
2.427879397941176409e-01,9.175138651421350655e-01
2.432981821461538408e-01,9.171954466968025299e-01
2.438064206333333261e-01,9.168777529770503198e-01
2.443097946999999714e-01,9.165625805036710094e-01
2.448056427562499970e-01,9.162516341798616626e-01
2.453170098823529433e-01,9.159304302753523697e-01
2.458067563999999927e-01,9.156223059424047905e-01
2.463004219133333450e-01,9.153112298256461665e-01
2.468207204437500024e-01,9.149828479049461061e-01
2.472895601285714229e-01,9.146864709018125428e-01
2.477531036153846067e-01,9.143930161983946370e-01
2.482601898388888950e-01,9.140714889270521448e-01
2.487980644769230698e-01,9.137298848742305690e-01
2.492457164266666525e-01,9.134451520595884277e-01
2.497521914312499924e-01,9.131225106300665528e-01
2.502858343000000096e-01,9.127820083830107123e-01
2.508393971714285575e-01,9.124282089283798358e-01
2.512384625399999849e-01,9.121727754763936380e-01
2.517525449285714090e-01,9.118432542527556972e-01
2.522426306714285471e-01,9.115286228680302694e-01
2.527859587789473284e-01,9.111792591876984870e-01
2.532497679384615452e-01,9.108805691762545953e-01
2.537713007937499876e-01,9.105442017916287600e-01
2.542151935071428892e-01,9.102574846479586368e-01
2.547262218499999897e-01,9.099269260409073024e-01
2.552507064666666436e-01,9.095871252868126255e-01
2.557226787923077005e-01,9.092808952178643711e-01
2.562464247999999833e-01,9.089405624401062367e-01
2.567540817249999718e-01,9.086101700815957249e-01
2.572207504222221996e-01,9.083060142595092978e-01
2.577192173999999780e-01,9.079806639636560650e-01
2.582242508187500007e-01,9.076505395937085607e-01
2.587116451866666722e-01,9.073314750769727599e-01
2.592259905062500036e-01,9.069942732800038154e-01
2.597335744684210468e-01,9.066609922182400361e-01
2.602394752266666833e-01,9.063283300046620639e-01
2.607671651583333139e-01,9.059808197347032355e-01
2.612338939294117646e-01,9.056729972569625975e-01
2.617467337533333493e-01,9.053342942387402337e-01
2.622245652857143061e-01,9.050182529594678060e-01
2.627204610833333565e-01,9.046898093548969566e-01
2.632413355388888987e-01,9.043443184378570088e-01
2.637454767866666550e-01,9.040094270982634850e-01
2.642125939928571254e-01,9.036986912164554075e-01
2.647655168214285704e-01,9.033303534218708464e-01
2.652780865214285355e-01,9.029883866566865702e-01
2.656781934187499861e-01,9.027210879090303841e-01
2.662168060411764792e-01,9.023607914032885091e-01
2.666939377428571567e-01,9.020411752697403696e-01
2.672116811789473911e-01,9.016938569494370448e-01
2.676623286923077161e-01,9.013911451862036683e-01
2.682224780823529442e-01,9.010143392062915924e-01
2.686749476812499982e-01,9.007095399946591918e-01
2.691850439052631550e-01,9.003654658602039396e-01
2.697299839823529277e-01,8.999973518777573123e-01
2.702087886466666422e-01,8.996734571793164603e-01
2.706327279666666530e-01,8.993863156811973125e-01
2.711577785947368313e-01,8.990302335403909106e-01
2.716788508249999845e-01,8.986763403184179211e-01
2.721911834923076978e-01,8.983278901485474144e-01
2.727166474533333496e-01,8.979700196488343833e-01
2.731676959562500118e-01,8.976624090437402836e-01
2.736480312055555308e-01,8.973344221094010642e-01
2.741704879166666498e-01,8.969771962668746657e-01
2.746712680769230475e-01,8.966343066065051159e-01
2.751623126666666863e-01,8.962976454044799812e-01
2.756543899850000257e-01,8.959598394312449088e-01
2.761721789812500161e-01,8.956039047894907013e-01
2.766510996687500112e-01,8.952742463780331006e-01
2.771748115166666748e-01,8.949132805255205492e-01
2.776317857736842476e-01,8.945979065579389156e-01
2.781615113666666139e-01,8.942318558700707021e-01
2.786368299333333298e-01,8.939029657427025599e-01
2.791733654941176423e-01,8.935312274741271654e-01
2.796362720062500196e-01,8.932100904993320878e-01
2.801564186444444604e-01,8.928487799566114935e-01
2.806457503266666653e-01,8.925084352342155247e-01
2.811905408555555597e-01,8.921290055136671393e-01
2.816542472352941417e-01,8.918056349834863061e-01
2.821261809176470736e-01,8.914761205067094352e-01
2.826547856562500183e-01,8.911065800136087622e-01
2.830864660437499847e-01,8.908044296693564679e-01
2.836014481777777707e-01,8.904435316527591349e-01
2.841112831055555565e-01,8.900857812741244102e-01
2.846412061904762258e-01,8.897134474998512621e-01
2.851440981785714479e-01,8.893596538812815755e-01
2.856505059799999691e-01,8.890029256337369512e-01
2.860968621923076771e-01,8.886881335505484314e-01
2.866032073823529536e-01,8.883306005821959284e-01
2.870779614214286068e-01,8.879949743141137830e-01
2.875816846555555584e-01,8.876384306419716763e-01
2.881067048352941029e-01,8.872663423595696930e-01
2.885899965111111132e-01,8.869234065946618450e-01
2.891379996941176311e-01,8.865340584535191804e-01
2.896326000842104897e-01,8.861822005579220729e-01
2.901295630499999834e-01,8.858282448495083949e-01
2.905532500562499898e-01,8.855261300641716904e-01
2.910898715736842113e-01,8.851430488314250278e-01
2.916154041555555909e-01,8.847674031411506546e-01
2.921040379882353100e-01,8.844177072179086885e-01
2.925813731499999903e-01,8.840757006699045961e-01
2.930589739500000235e-01,8.837331091009245077e-01
2.936288779866666476e-01,8.833237989003400736e-01
2.940846588772727532e-01,8.829960524462417970e-01
2.946093571312500270e-01,8.826183198171839717e-01
2.950490979375000045e-01,8.823013810216581154e-01
2.955971258099999721e-01,8.819059349976259288e-01
2.960774064000000205e-01,8.815589600875235465e-01
2.965977501687500073e-01,8.811825994238124959e-01
2.970748299125000047e-01,8.808371334541729158e-01
2.975739022352941188e-01,8.804753225396233507e-01
2.980546000437500065e-01,8.801264441729652610e-01
2.985417442705882163e-01,8.797724892456889600e-01
2.990607043470588366e-01,8.793949782632369816e-01
2.994905736833333165e-01,8.790819442165737074e-01
3.000403231190476028e-01,8.786811499672517733e-01
3.005059573176470655e-01,8.783412934770449265e-01
3.010288969555555694e-01,8.779591765721246333e-01
3.015071760857143124e-01,8.776092963590205187e-01
3.020320761772727347e-01,8.772248800725332973e-01
3.025555754444444467e-01,8.768410299536715247e-01
3.030548825222221798e-01,8.764745039073991162e-01
3.035213812214285767e-01,8.761316918731500980e-01
3.040073643000000270e-01,8.757741786184767285e-01
3.045500404473684419e-01,8.753745029091942742e-01
3.050558210117647051e-01,8.750015643121799025e-01
3.055595825222222062e-01,8.746297028864447043e-01
3.060231919176470972e-01,8.742871164938196271e-01
3.065340141999999823e-01,8.739092370508561025e-01
3.070492960647058789e-01,8.735276278254346938e-01
3.075252953526315669e-01,8.731747329946289993e-01
3.080358593315789539e-01,8.727958061258961342e-01
3.085310325105263263e-01,8.724279039453852747e-01
3.090314595388888863e-01,8.720556901036032871e-01
3.095315158611111617e-01,8.716833540014056192e-01
3.100612068374999919e-01,8.712885212286690662e-01
3.105571342666666457e-01,8.709184427131910766e-01
3.110350549333333325e-01,8.705614395295832031e-01
3.115322335315789393e-01,8.701896525708406882e-01
3.120117047050000036e-01,8.698307417918231810e-01
3.124862575470588322e-01,8.694751594154985774e-01
3.130183809105263060e-01,8.690760116994474815e-01
3.135109140315789356e-01,8.687061627535337394e-01
3.140065055777777614e-01,8.683336296690916667e-01
3.145152522210525881e-01,8.679508115836579440e-01
3.149578154947368369e-01,8.676174632923823182e-01
3.155043793849999778e-01,8.672053543348878790e-01
3.160129293222222469e-01,8.668214966520773057e-01
3.164946444388888613e-01,8.664575157745730838e-01
3.169579665588235229e-01,8.661070999740322351e-01
3.174676654761904859e-01,8.657212236358796664e-01
3.180130605764706075e-01,8.653078714951797368e-01
3.184694191142857234e-01,8.649616467242182694e-01
3.189904391649999726e-01,8.645659741363841411e-01
3.195104783388889036e-01,8.641706375210788105e-01
3.200140275833333603e-01,8.637874394600933980e-01
3.204875988318181546e-01,8.634266975405825439e-01
3.209965388842105360e-01,8.630386363600452970e-01
3.214858739714285818e-01,8.626651464608922071e-01
3.219884080473683907e-01,8.622812113955101720e-01
3.224479704705882632e-01,8.619297728124070135e-01
3.229732934099999730e-01,8.615276429603142549e-01
3.234560759549999776e-01,8.611577133670659245e-01
3.239656653764705907e-01,8.607668740594887069e-01
3.244605594444444630e-01,8.603869258612815152e-01
3.249530622090909260e-01,8.600084439924071678e-01
3.254481714499999900e-01,8.596275986829476912e-01
3.259700911318181848e-01,8.592257344405376251e-01
3.264665233052631566e-01,8.588431225074857345e-01
3.269302103749999744e-01,8.584854094725079543e-01
3.274700694750000141e-01,8.580685373443008856e-01
3.279747843249999906e-01,8.576784132276716877e-01
3.284546639400000023e-01,8.573071426740499490e-01
3.289389588368420991e-01,8.569321073946105649e-01
3.294223054631578718e-01,8.565574617380994349e-01
3.299518076117647358e-01,8.561466516780492642e-01
3.304441712681818188e-01,8.557642910267966307e-01
3.309429123850000098e-01,8.553766094030594846e-01
3.314155697588235250e-01,8.550088753484286208e-01
3.319370175909091003e-01,8.546027991899929344e-01
3.324417310222222421e-01,8.542093931745271540e-01
3.329230029299999893e-01,8.538339068037756885e-01
3.333962854421052557e-01,8.534643358469748975e-01
3.339279396578947456e-01,8.530487894255598391e-01
3.344441223380952288e-01,8.526449547944584539e-01
3.349191719545454582e-01,8.522729657020655658e-01
3.354413732200000053e-01,8.518636778822593625e-01
3.359251253500000201e-01,8.514841796094219095e-01
3.364349245117647103e-01,8.510838906070327115e-01
3.369012023818181434e-01,8.507174565472301886e-01
3.374360906545454397e-01,8.502967198919936243e-01
3.379200450600000072e-01,8.499157021906702525e-01
3.384344893411764255e-01,8.495103182950312082e-01
3.388757620166666928e-01,8.491622952335784458e-01
3.394150991285714292e-01,8.487365707725492703e-01
3.399222136200000244e-01,8.483358968233453146e-01
3.404221058619048002e-01,8.479405900621257430e-01
3.408744941600000411e-01,8.475825460048815874e-01
3.413645760400000340e-01,8.471943541678192968e-01
3.418571929842105228e-01,8.468038136842062080e-01
3.423906919999999965e-01,8.463804876488004725e-01
3.428888432300000177e-01,8.459848576292028355e-01
3.433769754045454814e-01,8.455968531853358394e-01
3.439285013900000298e-01,8.451580725031192509e-01
3.444072852374999716e-01,8.447768252243261777e-01
3.448741797681817989e-01,8.444047407614253542e-01
3.453456123315789550e-01,8.440287408793495372e-01
3.458640068099999576e-01,8.436149417097877912e-01
3.463281717555555250e-01,8.432441252094197148e-01
3.468579985791666598e-01,8.428204872051104912e-01
3.473579167777777754e-01,8.424204244793379592e-01
3.478310271272727072e-01,8.420415082726443456e-01
3.483777011952381431e-01,8.416032934169214164e-01
3.489026551399999621e-01,8.411821267257995061e-01
3.493249229421052648e-01,8.408430744394987943e-01
3.498489078750000036e-01,8.404220148629338860e-01
3.503728611954545769e-01,8.400006266367682217e-01
3.508726931950000294e-01,8.395983015620724910e-01
3.513224574150000112e-01,8.392359881947660805e-01
3.518638550058823533e-01,8.387995103548235853e-01
3.523484653454545534e-01,8.384084917284649885e-01
3.528744921894736986e-01,8.379837074108905659e-01
3.533471973523809595e-01,8.376016728856816584e-01
3.538590985388888610e-01,8.371876380045985000e-01
3.543196467761904889e-01,8.368148458904818288e-01
3.548698044478260649e-01,8.363691638631552960e-01
3.553360142449999981e-01,8.359911797442377557e-01
3.558493003277777844e-01,8.355747045917537585e-01
3.563344829181818163e-01,8.351807236859231098e-01
3.568376196549999935e-01,8.347718488210349452e-01
3.573398547166666828e-01,8.343633816742547227e-01
3.578178450049999682e-01,8.339743390609252183e-01
3.583033028263157838e-01,8.335789183421419279e-01
3.588247195285714231e-01,8.331538762876513626e-01
3.593251319782608810e-01,8.327456362274444635e-01
3.598291657095238349e-01,8.323341220745774649e-01
3.603134399571428226e-01,8.319384466708606984e-01
3.607921349000000055e-01,8.315470351145219929e-01
3.612911015360000255e-01,8.311387452265749376e-01
3.618120938352941129e-01,8.307121044767740159e-01
3.622900400478261118e-01,8.303204171039225701e-01
3.627722767687500127e-01,8.299249330077147491e-01
3.633112091749999828e-01,8.294826052331901733e-01
3.637775652904761681e-01,8.290995614564800054e-01
3.642606150894736605e-01,8.287025228184163872e-01
3.648089696863636155e-01,8.282514602662799374e-01
3.652834539750000054e-01,8.278608725227805110e-01
3.657815412217391149e-01,8.274505530021761812e-01
3.662937791285714728e-01,8.270282664749321055e-01
3.667851857227272805e-01,8.266228557237684793e-01
3.672586708760000040e-01,8.262319567890399341e-01
3.677810782142857393e-01,8.258003534165955228e-01
3.682548772333333331e-01,8.254086251408372377e-01
3.687933455849999875e-01,8.249631072683440980e-01
3.692825071952380855e-01,8.245580892941296591e-01
3.697532199421052490e-01,8.241680763040130087e-01
3.702605658045454717e-01,8.237474107030492432e-01
3.707715569227272301e-01,8.233234232288366705e-01
3.712771896000000016e-01,8.229035807366383848e-01
3.717067759631578761e-01,8.225466399501545345e-01
3.722688892192307919e-01,8.220792640204581669e-01
3.727666755421052414e-01,8.216650613443658990e-01
3.732746620086956901e-01,8.212420766220039914e-01
3.737633460454545808e-01,8.208348845031018248e-01
3.742233635611110776e-01,8.204513257480452459e-01
3.747270923722221814e-01,8.200310398989339999e-01
3.752389647639999826e-01,8.196036600765320701e-01
3.757488284863636507e-01,8.191776614896363329e-01
3.762473838000000015e-01,8.187608241538040232e-01
3.767432480291666441e-01,8.183459536004367152e-01
3.772416860799999716e-01,8.179286522489421785e-01
3.777332213249999793e-01,8.175168537914552225e-01
3.782072794260869508e-01,8.171194373247289144e-01
3.787207903526315644e-01,8.166886630084596588e-01
3.792614572857142541e-01,8.162347889572691972e-01
3.797307474041666797e-01,8.158405674768610671e-01
3.802452608380952337e-01,8.154080786680085735e-01
3.807098002523809366e-01,8.150173444634151165e-01
3.812447871043477821e-01,8.145670528561517187e-01
3.817010237590908739e-01,8.141828009800995414e-01
3.822332835960000619e-01,8.137342262980408192e-01
3.826892052058823435e-01,8.133497487644915092e-01
3.832175030181818598e-01,8.129039424559899585e-01
3.837065886708333484e-01,8.124909573171232857e-01
3.842140690857143159e-01,8.120621675670098849e-01
3.846735448571428351e-01,8.116736929987253824e-01
3.851966720421052814e-01,8.112311328873771377e-01
3.857221721166666506e-01,8.107862614869274509e-01
3.861980158500000204e-01,8.103831751518303372e-01
3.867060638384615667e-01,8.099525421662560065e-01
3.872019547599999667e-01,8.095319486764660510e-01
3.877190554159999913e-01,8.090930913003612224e-01
3.881820882238095072e-01,8.086998743659024047e-01
3.886989905450000116e-01,8.082606491243222724e-01
3.891789700476190883e-01,8.078525415071785565e-01
3.896837094785713940e-01,8.074231278051389182e-01
3.901963852105262975e-01,8.069866830854801609e-01
3.906755813833333590e-01,8.065784964111969435e-01
3.911782904047619303e-01,8.061500261464458195e-01
3.916841123653845846e-01,8.057186373061919760e-01
3.922072112090909113e-01,8.052722390918852780e-01
3.926730450416666685e-01,8.048744662913192016e-01
3.932087336818181900e-01,8.044167763997205345e-01
3.937077071181818155e-01,8.039901934427593488e-01
3.941922283160000373e-01,8.035757230392123196e-01
3.946492474368420988e-01,8.031845589392369034e-01
3.951519960730769387e-01,8.027540121496323788e-01
3.956642466999999996e-01,8.023150663069246180e-01
3.961520702772727276e-01,8.018968094877005903e-01
3.966683130818182135e-01,8.014539241666539526e-01
3.971448309681818167e-01,8.010448817429239865e-01
3.977078319545455098e-01,8.005613190101644738e-01
3.981493205476190345e-01,8.001819022486649224e-01
3.986414746416666599e-01,7.997587140579019982e-01
3.991762749636363350e-01,7.992985878638837471e-01
3.996571885217391484e-01,7.988845870569515339e-01
4.001204573043478097e-01,7.984855633906494665e-01
4.006531414807692482e-01,7.980264891632670166e-01
4.011488898217390742e-01,7.975990017601143345e-01
4.016452661863636475e-01,7.971707334574993364e-01
4.021501273125000497e-01,7.967349032987692814e-01
4.026422157384615397e-01,7.963098661192187233e-01
4.031752852619047700e-01,7.958491701863545931e-01
4.036169873000000075e-01,7.954672314942217159e-01
4.040998713068965631e-01,7.950494706242314802e-01
4.045938263772727583e-01,7.946219078278912162e-01
4.051263836318181877e-01,7.941606691458198419e-01
4.056349930043477992e-01,7.937199244311479163e-01
4.061091420523809670e-01,7.933088268154447897e-01
4.066189625181818590e-01,7.928665649298097806e-01
4.071027867478260731e-01,7.924466343201875818e-01
4.076163972499999844e-01,7.920006136421767762e-01
4.081113911800000049e-01,7.915705302498988738e-01
4.086155567304348146e-01,7.911322455228161354e-01
4.091091414999999398e-01,7.907029371138976082e-01
4.096382903119999974e-01,7.902424483667749300e-01
4.101413266772727106e-01,7.898044476150783977e-01
4.106134302200000197e-01,7.893931744663376104e-01
4.111037134260869252e-01,7.889658486551628380e-01
4.115722554380952802e-01,7.885572761407502185e-01
4.120921843692307851e-01,7.881036601350979165e-01
4.125863994909090837e-01,7.876722566607050613e-01
4.131032154719999627e-01,7.872208895188460565e-01
4.136144333142856566e-01,7.867741873662554841e-01
4.141229095960000106e-01,7.863296512365500757e-01
4.145883787083333161e-01,7.859225112116470235e-01
4.150890522227272950e-01,7.854843697682327708e-01
4.156045703916666501e-01,7.850330149963936632e-01
4.161023884961538299e-01,7.845969354597155387e-01
4.166038897333332880e-01,7.841574145794064643e-01
4.170643305384615918e-01,7.837536880334838862e-01
4.175626705727272792e-01,7.833165253823928253e-01
4.180759280346154072e-01,7.828660586601419169e-01
4.185874896360000097e-01,7.824168569018239427e-01
4.190683806125000133e-01,7.819943866983728453e-01
4.195999426521738740e-01,7.815271729634755138e-01
4.200943266959999978e-01,7.810924259904545863e-01
4.205611577904762033e-01,7.806817213275872858e-01
4.210531918208333391e-01,7.802486439139512120e-01
4.215517342727272410e-01,7.798096413004569349e-01
4.220749554599999565e-01,7.793486785943309902e-01
4.225671744956521758e-01,7.789148296427580442e-01
4.230643498080000064e-01,7.784764067956476685e-01
4.235388383458333350e-01,7.780578054491532614e-01
4.240413984391304125e-01,7.776142398609424689e-01
4.245304129571428886e-01,7.771824323058706963e-01
4.250584304909091338e-01,7.767159712999038845e-01
4.255511151434782646e-01,7.762805210243028942e-01
4.260540779192307781e-01,7.758357862772341518e-01
4.265324906666666527e-01,7.754125768618649328e-01
4.270313669586206506e-01,7.749710689983195788e-01
4.275525248913043530e-01,7.745096321211064616e-01
4.280190850363636557e-01,7.740963614498124201e-01
4.285110641884615768e-01,7.736603856340921181e-01
4.290181595879999921e-01,7.732108185294093161e-01
4.295386394272727171e-01,7.727491785739705188e-01
4.300092199153845995e-01,7.723316213051388823e-01
4.305348720119999695e-01,7.718649942567580302e-01
4.310063060173913163e-01,7.714463174733402484e-01
4.315266240620689309e-01,7.709840300183988804e-01
4.320250419904761996e-01,7.705410100060948730e-01
4.325023080599999514e-01,7.701166156544850816e-01
4.329910635347826164e-01,7.696818281011372775e-01
4.334913222407407729e-01,7.692366212899997002e-01
4.340261970727272711e-01,7.687604028538785883e-01
4.345145048250000364e-01,7.683254618288496429e-01
4.350224868304347625e-01,7.678728085016039984e-01
4.355013307999999750e-01,7.674459472024509621e-01
4.360283939999999858e-01,7.669759089580617806e-01
4.364853019391304323e-01,7.665682715805774983e-01
4.369653942370370081e-01,7.661397880839717622e-01
4.374742871124999710e-01,7.656854172185466600e-01
4.379832359458333269e-01,7.652308140781505230e-01
4.384994967166666591e-01,7.647694898545017717e-01
4.389583641523809865e-01,7.643592928129895325e-01
4.394626844999999782e-01,7.639082917491168967e-01
4.399797961999999951e-01,7.634456677412695402e-01
4.405119221454545930e-01,7.629694160159105065e-01
4.409371332037037017e-01,7.625887124187950006e-01
4.414921382275862061e-01,7.620916091197242892e-01
4.419832320761905020e-01,7.616515765250261305e-01
4.424961919119999587e-01,7.611917710528541825e-01
4.429627973884615599e-01,7.607733623655809074e-01
4.434715667233333769e-01,7.603169756116893163e-01
4.439682719904761710e-01,7.598712443683204310e-01
4.444823744679999855e-01,7.594097243571699130e-01
4.449682045821428678e-01,7.589734217699323215e-01
4.454497423999999595e-01,7.585408224785812337e-01
4.459335514384615284e-01,7.581060261277070556e-01
4.464390266480000036e-01,7.576515938628738400e-01
4.469788515655171990e-01,7.571660958526786889e-01
4.474511845782608299e-01,7.567411410153981333e-01
4.479466481750000173e-01,7.562952221500154337e-01
4.484277379550000164e-01,7.558620874951232915e-01
4.489243571666666766e-01,7.554148146849182233e-01
4.494641247681818164e-01,7.549285013356601404e-01
4.499558699037037313e-01,7.544852964852802879e-01
4.504404859916666393e-01,7.540483657159841036e-01
4.509208618730768947e-01,7.536151124042611560e-01
4.514294986653846209e-01,7.531562125259317897e-01
4.519295938653846156e-01,7.527048616539985249e-01
4.524213630809523767e-01,7.522608767641388861e-01
4.529261922423076792e-01,7.518049435201750175e-01
4.534255908629629683e-01,7.513537634059732628e-01
4.539075503730769512e-01,7.509181911994359249e-01
4.544070803962962923e-01,7.504665957189006198e-01
4.548900878185185293e-01,7.500297927440735535e-01
4.554036586576923340e-01,7.495651953944992840e-01
4.559191558599999805e-01,7.490986977268374591e-01
4.564085929874999725e-01,7.486556391238404773e-01
4.569286455185185281e-01,7.481847096070588510e-01
4.573837471600000204e-01,7.477724667895464528e-01
4.578940999423076752e-01,7.473100317653224023e-01
4.583963622545454419e-01,7.468547806718789372e-01
4.589077834444444393e-01,7.463910796887899268e-01
4.594281753280000102e-01,7.459190909370512212e-01
4.599191149035714021e-01,7.454736731564860497e-01
4.603978420888888978e-01,7.450392025416940900e-01
4.609222276559999942e-01,7.445631486707973146e-01
4.614104684192307793e-01,7.441197701689085120e-01
4.618767147769231030e-01,7.436962403634120866e-01
4.623814299846153997e-01,7.432376310484904991e-01
4.628821064703703692e-01,7.427825534306872202e-01
4.633782294074074160e-01,7.423314805268397265e-01
4.638950065560000224e-01,7.418614843368556144e-01
4.644120121962962977e-01,7.413911379521080924e-01
4.648920271960000350e-01,7.409543137101833876e-01
4.653547594296296164e-01,7.405331028592326836e-01
4.658792048884615733e-01,7.400555783081970151e-01
4.663866396703703621e-01,7.395934041618461574e-01
4.668889540680000172e-01,7.391357610605843176e-01
4.673628411965516927e-01,7.387038973324631108e-01
4.678714810629629461e-01,7.382402315376984658e-01
4.683881662999999640e-01,7.377690987086440444e-01
4.688961824923076893e-01,7.373057358014135643e-01
4.693558390384615087e-01,7.368863682247167590e-01
4.698368156851852051e-01,7.364474372854741269e-01
4.703286497857143145e-01,7.359984774141061781e-01
4.708314049079999619e-01,7.355394240821909735e-01
4.713497828464285888e-01,7.350659747478441863e-01
4.718360351192307789e-01,7.346217456761006126e-01
4.723558095714285310e-01,7.341467662628968771e-01
4.728510476222222425e-01,7.336940849650361862e-01
4.733621804677419220e-01,7.332267518132082884e-01
4.738352723086956542e-01,7.327940884955524981e-01
4.743359039521738985e-01,7.323361226066714691e-01
4.748329418480000119e-01,7.318813282752882898e-01
4.753556436249999906e-01,7.314029265501401644e-01
4.758710427879999649e-01,7.309310821904175803e-01
4.763405358172413395e-01,7.305011582951119742e-01
4.768290295038462023e-01,7.300537271224964986e-01
4.773496164466666247e-01,7.295767829870237753e-01
4.778366502517241710e-01,7.291304658070228983e-01
4.783058401913043989e-01,7.287004014290342502e-01
4.788050367666666918e-01,7.282427241585111011e-01
4.793181241961538830e-01,7.277721966114634178e-01
4.798542117833333176e-01,7.272804525341316495e-01
4.803269313124999829e-01,7.268467302043283285e-01
4.808151464428571664e-01,7.263986895532231758e-01
4.813237599666666533e-01,7.259318200117036435e-01
4.818228567593750289e-01,7.254735790982209664e-01
4.823113609166666538e-01,7.250249611112051795e-01
4.827911808571428431e-01,7.245842202359410456e-01
4.833036833285714318e-01,7.241133531922402389e-01
4.837848052173912561e-01,7.236712177606511309e-01
4.843154828960000158e-01,7.231834319407915990e-01
4.848006100482759040e-01,7.227374138080494559e-01
4.853213261928571165e-01,7.222585708330495624e-01
4.857696274439999851e-01,7.218462322134476805e-01
4.862898675965516837e-01,7.213676246211884191e-01
4.867758821346153675e-01,7.209204062851229944e-01
4.872804199846153539e-01,7.204560473900172290e-01
4.877594249620689770e-01,7.200150946853561829e-01
4.882717473107142658e-01,7.195433731074133421e-01
4.887990663500000332e-01,7.190577390593612117e-01
4.892563756730768931e-01,7.186364949171392125e-01
4.897778295419354944e-01,7.181560689746493420e-01
4.902764894037037191e-01,7.176965484353216018e-01
4.907888743166666790e-01,7.172242833892970015e-01
4.912866973454546038e-01,7.167653498170356574e-01
4.917642475312500316e-01,7.163250187768122057e-01
4.922371692740740712e-01,7.158888749196484769e-01
4.927651331419354852e-01,7.154018740921800346e-01
4.932809159791666787e-01,7.149260152564282933e-01
4.937611412290323076e-01,7.144828756930510227e-01
4.942650286250000469e-01,7.140178160213506153e-01
4.947495545559999486e-01,7.135705429641719943e-01
4.952477155099999639e-01,7.131105997998050672e-01
4.957362430068965597e-01,7.126594697675617818e-01
4.962488651484848745e-01,7.121860026920782127e-01
4.967529164249999685e-01,7.117203664573407140e-01
4.972509825440000197e-01,7.112601763452911507e-01
4.977483532928571597e-01,7.108005490204066801e-01
4.982230947714286207e-01,7.103617585631957221e-01
4.987288103892857372e-01,7.098942587904371049e-01
4.992413310413792993e-01,7.094203869536598317e-01
4.997802630266666712e-01,7.089220064174414082e-01
